Country,Variant,date,I,D,R,V,H,ICU,Population,S,Stringency
DEU,Omicron,2022-01-02,27707.26530612245,163.18367346938774,27544.081632653066,588115.7551020408,5861.367346938775,4150.714285714285,83369840.0,83340469.91836736,42.701428571428565
DEU,Omicron,2022-01-03,28010.63265306122,157.91836734693877,27852.714285714286,528033.2040816325,5682.7959183673465,4087.428571428572,83369840.0,83340008.63265307,42.69142857142857
DEU,Omicron,2022-01-04,28599.061224489797,153.4081632653061,28445.65306122449,478949.7755102041,5552.714285714285,4023.6530612244896,83369840.0,83339266.79591836,42.68
DEU,Omicron,2022-01-05,29719.55102040817,149.59183673469389,29569.959183673476,443231.9795918368,5466.265306122448,3960.3469387755104,83369840.0,83337996.71428572,42.66857142857142
DEU,Omicron,2022-01-06,31290.979591836734,145.9795918367347,31145.0,420226.0,5415.285714285715,3896.979591836735,83369840.0,83336279.30612244,42.65571428571429
DEU,Omicron,2022-01-07,33032.551020408166,141.3877551020408,32891.163265306124,408344.7142857143,5388.632653061225,3833.571428571429,83369840.0,83334396.34693877,42.63857142857143
DEU,Omicron,2022-01-08,35179.08163265306,137.3673469387755,35041.71428571428,405779.8979591837,5375.306122448979,3768.877551020408,83369840.0,83332112.44897959,42.61857142857143
DEU,Omicron,2022-01-09,37713.63265306123,134.12244897959184,37579.51020408164,411251.6326530613,5369.163265306122,3702.040816326531,83369840.0,83329443.7755102,42.59857142857143
DEU,Omicron,2022-01-10,40350.0,130.85714285714286,40219.142857142855,424869.7346938775,5366.714285714285,3632.163265306123,83369840.0,83326676.55102041,42.57714285714285
DEU,Omicron,2022-01-11,43114.6530612245,126.81632653061226,42987.83673469388,445746.4285714286,5360.714285714285,3561.0816326530617,83369840.0,83323785.08163264,42.55571428571428
DEU,Omicron,2022-01-12,45888.73469387755,121.9795918367347,45766.755102040814,471873.4489795919,5346.612244897959,3488.5714285714284,83369840.0,83320889.02040817,42.53285714285715
DEU,Omicron,2022-01-13,48685.18367346939,117.20408163265304,48567.97959183673,502004.6326530613,5325.306122448979,3415.877551020408,83369840.0,83317975.36734693,42.50857142857143
DEU,Omicron,2022-01-14,51746.71428571428,113.67346938775508,51633.04081632653,532084.0,5307.897959183674,3341.9591836734694,83369840.0,83314800.16326532,42.48571428571428
DEU,Omicron,2022-01-15,54767.71428571428,109.6530612244898,54658.061224489786,559094.9387755102,5288.306122448979,3267.918367346939,83369840.0,83311669.51020408,42.462857142857146
DEU,Omicron,2022-01-16,57737.79591836735,105.55102040816328,57632.24489795918,583034.2040816325,5262.65306122449,3193.918367346939,83369840.0,83308593.87755103,42.44
DEU,Omicron,2022-01-17,60763.16326530612,101.9591836734694,60661.204081632655,602855.2244897959,5234.530612244898,3120.8979591836737,83369840.0,83305466.55102041,42.41857142857143
DEU,Omicron,2022-01-18,64018.40816326531,100.53061224489797,63917.87755102041,617446.0,5213.897959183674,3048.5102040816323,83369840.0,83302110.7755102,42.39714285714285
DEU,Omicron,2022-01-19,67662.59183673469,100.734693877551,67561.85714285714,626189.693877551,5213.877551020408,2976.836734693878,83369840.0,83298365.85714285,42.37714285714286
DEU,Omicron,2022-01-20,71874.8775510204,101.9591836734694,71772.91836734694,628372.469387755,5241.714285714285,2904.6326530612246,83369840.0,83294051.61224489,42.35714285714285
DEU,Omicron,2022-01-21,76754.91836734694,104.08163265306123,76650.83673469388,625449.7551020408,5294.877551020408,2833.6938775510207,83369840.0,83289067.48979592,42.33714285714286
DEU,Omicron,2022-01-22,82419.24489795919,107.10204081632654,82312.14285714286,618663.9591836735,5382.34693877551,2765.163265306123,83369840.0,83283296.06122449,42.31857142857143
DEU,Omicron,2022-01-23,88464.08163265305,110.28571428571428,88353.79591836734,608147.6734693878,5507.367346938775,2700.979591836735,83369840.0,83277140.93877551,42.3
DEU,Omicron,2022-01-24,94804.5306122449,113.83673469387756,94690.69387755102,594226.1632653062,5671.142857142857,2640.7346938775518,83369840.0,83270686.65306123,41.77571428571429
DEU,Omicron,2022-01-25,101708.16326530612,116.77551020408164,101591.38775510204,577575.1224489795,5870.632653061225,2584.877551020408,83369840.0,83263666.24489796,41.25571428571429
DEU,Omicron,2022-01-26,109142.08163265303,120.6938775510204,109021.38775510204,559032.8571428572,6097.755102040816,2534.5714285714284,83369840.0,83256111.63265307,40.73857142857143
DEU,Omicron,2022-01-27,116634.2448979592,125.51020408163264,116508.73469387754,539281.5510204082,6342.163265306122,2491.102040816327,83369840.0,83248493.95918368,40.22428571428571
DEU,Omicron,2022-01-28,124003.51020408164,130.34693877551018,123873.16326530612,518953.44897959183,6598.040816326531,2453.5714285714284,83369840.0,83240994.34693877,39.712857142857146
DEU,Omicron,2022-01-29,130971.91836734694,135.40816326530611,130836.51020408164,498643.6734693878,6855.163265306122,2420.591836734694,83369840.0,83233890.53061225,39.20285714285715
DEU,Omicron,2022-01-30,137726.67346938775,140.89795918367346,137585.77551020405,478441.8979591838,7112.551020408164,2390.918367346939,83369840.0,83226994.87755103,38.69428571428572
DEU,Omicron,2022-01-31,144206.3673469388,145.97959183673467,144060.38775510204,458479.612244898,7362.734693877551,2365.0,83369840.0,83220369.20408164,38.69285714285714
DEU,Omicron,2022-02-01,149933.89795918367,151.73469387755102,149782.1632653061,438617.3469387756,7598.122448979592,2341.8163265306125,83369840.0,83214489.93877551,38.69142857142857
DEU,Omicron,2022-02-02,155065.1020408163,157.71428571428572,154907.38775510204,418889.7346938776,7816.102040816327,2321.7551020408164,83369840.0,83209201.02040815,38.68857142857143
DEU,Omicron,2022-02-03,159994.1632653061,164.48979591836732,159829.67346938775,399526.65306122456,8024.612244897959,2305.020408163265,83369840.0,83204107.46938775,38.68714285714286
DEU,Omicron,2022-02-04,164587.08163265305,171.9591836734694,164415.1224489796,380565.6734693878,8230.775510204081,2292.489795918368,83369840.0,83199342.59183672,38.68571428571429
DEU,Omicron,2022-02-05,168735.73469387754,179.73469387755102,168556.0,361814.9795918368,8441.836734693878,2285.265306122449,83369840.0,83195014.20408164,38.684285714285714
DEU,Omicron,2022-02-06,172476.0,187.24489795918367,172288.75510204086,343260.14285714284,8655.510204081633,2282.7551020408164,83369840.0,83191086.69387756,38.682857142857145
DEU,Omicron,2022-02-07,176117.08163265305,195.16326530612247,175921.91836734695,325074.0,8877.122448979591,2284.30612244898,83369840.0,83187250.44897959,38.68
DEU,Omicron,2022-02-08,179743.04081632654,202.6938775510204,179540.34693877547,307976.5102040817,9114.551020408164,2291.3673469387754,83369840.0,83183421.79591836,38.67714285714286
DEU,Omicron,2022-02-09,183015.7142857143,209.8979591836735,182805.81632653065,292051.59183673473,9368.551020408164,2301.265306122449,83369840.0,83179939.2244898,38.675714285714285
DEU,Omicron,2022-02-10,185538.08163265305,215.5510204081633,185322.53061224488,277532.02040816325,9626.673469387755,2314.122448979592,83369840.0,83177201.30612245,38.67428571428572
DEU,Omicron,2022-02-11,187140.95918367343,221.2244897959184,186919.7346938776,264502.63265306124,9872.530612244898,2328.0,83369840.0,83175377.20408164,38.67285714285714
DEU,Omicron,2022-02-12,188230.97959183672,226.1428571428572,188004.8367346939,252982.2857142857,10095.591836734691,2342.163265306122,83369840.0,83174061.04081632,38.67142857142857
DEU,Omicron,2022-02-13,188923.14285714287,230.55102040816328,188692.5918367347,242954.53061224488,10292.91836734694,2356.612244897959,83369840.0,83173138.3265306,38.67
DEU,Omicron,2022-02-14,189273.51020408163,234.6326530612245,189038.8775510204,234339.10204081636,10459.857142857143,2371.6530612244896,83369840.0,83172553.3265306,38.66857142857143
DEU,Omicron,2022-02-15,188835.83673469388,238.06122448979596,188597.77551020408,226471.18367346935,10584.795918367348,2386.1428571428573,83369840.0,83172752.93877551,38.667142857142856
DEU,Omicron,2022-02-16,187533.77551020408,240.3469387755102,187293.42857142855,219224.8775510204,10661.38775510204,2400.3469387755104,83369840.0,83173814.65306123,38.66571428571428
DEU,Omicron,2022-02-17,185713.91836734692,242.8571428571429,185471.0612244898,212346.1020408163,10696.897959183672,2413.428571428572,83369840.0,83175391.65306123,38.66428571428571
DEU,Omicron,2022-02-18,183691.0408163265,244.67346938775512,183446.3673469388,205712.10204081636,10704.775510204085,2425.224489795918,83369840.0,83177169.85714285,38.66285714285714
DEU,Omicron,2022-02-19,181164.4897959184,246.24489795918367,180918.24489795923,199267.693877551,10693.30612244898,2435.285714285714,83369840.0,83179450.16326532,38.66142857142857
DEU,Omicron,2022-02-20,178808.12244897962,248.16326530612247,178559.95918367346,193044.89795918367,10670.38775510204,2442.7551020408164,83369840.0,83181558.36734693,38.65999999999999
DEU,Omicron,2022-02-21,176428.48979591837,249.81632653061223,176178.67346938772,187045.306122449,10642.122448979591,2446.9795918367345,83369840.0,83183688.18367347,38.65999999999999
DEU,Omicron,2022-02-22,174063.04081632657,251.530612244898,173811.51020408163,181471.0408163265,10620.204081632652,2446.9795918367345,83369840.0,83185802.10204081,38.65857142857142
DEU,Omicron,2022-02-23,171947.4693877551,253.4489795918368,171694.02040816323,176382.10204081633,10609.77551020408,2444.061224489796,83369840.0,83187664.2244898,38.65714285714285
DEU,Omicron,2022-02-24,169745.2857142857,254.4489795918368,169490.83673469388,171821.75510204086,10608.30612244898,2435.6326530612246,83369840.0,83189611.95918368,38.65571428571428
DEU,Omicron,2022-02-25,167419.32653061225,253.2244897959184,167166.1020408163,167742.42857142858,10609.530612244898,2423.489795918368,83369840.0,83191684.69387756,38.65428571428571
DEU,Omicron,2022-02-26,165519.79591836734,251.81632653061223,165267.97959183672,164150.51020408163,10611.938775510203,2407.7346938775518,83369840.0,83193332.40816328,38.65285714285714
DEU,Omicron,2022-02-27,163451.1632653061,249.3061224489796,163201.85714285713,160978.63265306124,10610.30612244898,2389.6326530612246,83369840.0,83195151.73469388,38.651428571428575
DEU,Omicron,2022-02-28,161406.38775510204,246.3877551020408,161160.0,158053.0,10598.30612244898,2369.9591836734694,83369840.0,83196950.122449,38.64999999999999
DEU,Omicron,2022-03-01,159525.97959183677,242.73469387755105,159283.2448979592,155217.38775510204,10566.795918367348,2350.1224489795923,83369840.0,83198587.79591836,38.65
DEU,Omicron,2022-03-02,157344.57142857142,238.734693877551,157105.8367346939,152265.55102040814,10517.204081632652,2327.714285714286,83369840.0,83200530.46938775,38.65
DEU,Omicron,2022-03-03,155549.36734693876,234.81632653061223,155314.5510204082,149176.0,10453.224489795915,2306.5102040816328,83369840.0,83202090.85714285,38.35142857142857
DEU,Omicron,2022-03-04,154688.65306122447,232.73469387755105,154455.91836734695,145997.16326530612,10383.081632653062,2284.673469387756,83369840.0,83202718.83673468,38.05285714285714
DEU,Omicron,2022-03-05,154345.97959183677,230.44897959183672,154115.5306122449,142735.38775510204,10308.91836734694,2263.1224489795923,83369840.0,83202831.06122448,37.75428571428572
DEU,Omicron,2022-03-06,154506.42857142858,228.57142857142856,154277.85714285713,139457.48979591837,10231.632653061226,2241.8979591836733,83369840.0,83202442.04081632,37.455714285714286
DEU,Omicron,2022-03-07,155341.10204081633,227.8367346938776,155113.26530612246,136304.97959183677,10158.26530612245,2221.1428571428573,83369840.0,83201379.53061225,37.15714285714286
DEU,Omicron,2022-03-08,157158.08163265305,229.0204081632653,156929.0612244898,133477.48979591837,10102.081632653062,2199.9591836734694,83369840.0,83199333.53061225,36.85857142857143
DEU,Omicron,2022-03-09,160580.57142857142,230.26530612244892,160350.306122449,131249.20408163263,10073.020408163266,2181.1020408163267,83369840.0,83195680.7755102,36.56
DEU,Omicron,2022-03-10,165200.5510204082,232.14285714285717,164968.40816326533,129472.1836734694,10076.326530612245,2164.183673469388,83369840.0,83190828.65306123,36.55857142857143
DEU,Omicron,2022-03-11,170203.22448979592,233.87755102040816,169969.34693877553,128133.42857142857,10111.673469387755,2151.0408163265306,83369840.0,83185592.1020408,36.557142857142864
DEU,Omicron,2022-03-12,175819.7142857143,237.51020408163265,175582.20408163266,127209.20408163263,10182.61224489796,2141.122448979592,83369840.0,83179738.10204081,36.55571428571429
DEU,Omicron,2022-03-13,181841.0,242.0816326530612,181598.91836734692,126635.67346938774,10294.448979591836,2135.795918367347,83369840.0,83173474.73469388,36.55428571428571
DEU,Omicron,2022-03-14,187551.3673469388,245.55102040816328,187305.81632653065,126366.7755102041,10444.653061224491,2134.65306122449,83369840.0,83167518.81632653,36.55285714285714
DEU,Omicron,2022-03-15,193353.89795918367,247.6122448979592,193106.2857142857,126260.6530612245,10632.30612244898,2138.9387755102043,83369840.0,83161468.6734694,36.55142857142857
DEU,Omicron,2022-03-16,198812.5306122449,251.08163265306123,198561.44897959183,126092.5306122449,10844.367346938774,2148.6938775510203,83369840.0,83155758.95918368,36.55
DEU,Omicron,2022-03-17,204064.3673469388,255.20408163265304,203809.1632653061,126002.95918367348,11073.244897959185,2162.714285714286,83369840.0,83150251.91836736,36.55
DEU,Omicron,2022-03-18,209295.44897959183,260.7551020408163,209034.693877551,125874.57142857143,11312.469387755102,2180.0408163265306,83369840.0,83144760.08163264,36.55
DEU,Omicron,2022-03-19,213862.77551020408,264.1632653061224,213598.612244898,125691.0612244898,11553.22448979592,2199.836734693877,83369840.0,83139928.59183672,36.55
DEU,Omicron,2022-03-20,217485.81632653065,266.89795918367344,217218.91836734692,125480.40816326533,11785.489795918367,2219.387755102041,83369840.0,83136038.65306123,36.55
DEU,Omicron,2022-03-21,220928.1224489796,270.0816326530612,220658.0408163265,125242.59183673467,12004.57142857143,2238.877551020408,83369840.0,83132326.26530612,36.55
DEU,Omicron,2022-03-22,224124.9387755102,274.4081632653061,223850.5306122449,124946.89795918368,12191.244897959185,2257.3673469387754,83369840.0,83128855.04081632,36.55
DEU,Omicron,2022-03-23,226968.14285714287,277.7142857142857,226690.42857142855,124602.97959183672,12344.673469387755,2272.673469387755,83369840.0,83125734.122449,36.54857142857143
DEU,Omicron,2022-03-24,228887.4489795918,279.08163265306126,228608.3673469388,124120.2244897959,12461.653061224488,2285.265306122449,83369840.0,83123535.73469387,36.54714285714285
DEU,Omicron,2022-03-25,229802.95918367343,277.42857142857144,229525.5306122449,123626.44897959183,12539.346938775512,2294.8571428571427,83369840.0,83122342.79591836,36.54571428571428
DEU,Omicron,2022-03-26,230178.51020408163,276.04081632653066,229902.4693877551,123123.10204081632,12579.836734693878,2303.7551020408164,83369840.0,83121691.20408164,36.544285714285714
DEU,Omicron,2022-03-27,230713.06122448976,274.6122448979592,230438.44897959183,122604.5306122449,12591.326530612245,2312.489795918368,83369840.0,83120882.04081632,36.54285714285714
DEU,Omicron,2022-03-28,230844.02040816323,273.5714285714286,230570.44897959183,122045.85714285714,12579.42857142857,2319.5714285714284,83369840.0,83120477.51020408,36.541428571428575
DEU,Omicron,2022-03-29,229738.67346938772,270.36734693877554,229468.306122449,121493.83673469388,12558.346938775509,2324.795918367347,83369840.0,83121312.48979592,36.54
DEU,Omicron,2022-03-30,227609.02040816328,265.42857142857144,227343.5918367347,121012.38775510204,12528.61224489796,2329.428571428572,83369840.0,83123176.71428572,36.54
DEU,Omicron,2022-03-31,224489.77551020408,260.7551020408163,224229.02040816328,120654.81632653062,12490.897959183672,2332.8163265306125,83369840.0,83126035.20408164,36.54
DEU,Omicron,2022-04-01,220442.10204081636,256.9795918367347,220185.1224489796,120257.12244897956,12448.734693877554,2335.081632653061,83369840.0,83129825.89795919,36.54
DEU,Omicron,2022-04-02,215341.3673469388,252.57142857142856,215088.79591836737,119813.85714285714,12395.163265306122,2332.9591836734694,83369840.0,83134674.06122448,36.54
DEU,Omicron,2022-04-03,209421.10204081636,247.1020408163265,209174.00000000003,119319.16326530614,12321.224489795915,2326.918367346939,83369840.0,83140347.2244898,33.401428571428575
DEU,Omicron,2022-04-04,203427.40816326533,240.0408163265306,203187.3673469388,118730.91836734697,12220.346938775509,2318.2244897959185,83369840.0,83146100.87755103,30.26142857142857
DEU,Omicron,2022-04-05,197008.8163265306,233.5918367346939,196775.22448979595,118002.38775510204,12085.163265306124,2305.265306122449,83369840.0,83152285.877551,27.12142857142857
DEU,Omicron,2022-04-06,189913.3673469388,228.24489795918365,189685.1224489796,117062.18367346938,11913.30612244898,2287.714285714286,83369840.0,83159153.08163264,23.981428571428573
DEU,Omicron,2022-04-07,182347.1632653061,222.55102040816328,182124.612244898,115897.51020408164,11708.42857142857,2265.5102040816323,83369840.0,83166496.73469388,20.841428571428573
DEU,Omicron,2022-04-08,174575.1224489796,216.34693877551015,174358.77551020408,114770.2448979592,11471.204081632652,2239.0408163265306,83369840.0,83174052.42857143,17.701428571428572
DEU,Omicron,2022-04-09,167269.08163265305,209.51020408163268,167059.57142857142,113707.44897959183,11218.448979591836,2210.326530612245,83369840.0,83181148.95918368,14.561428571428571
DEU,Omicron,2022-04-10,160536.10204081633,203.3877551020408,160332.7142857143,112712.55102040817,10960.591836734697,2179.591836734694,83369840.0,83187678.55102041,14.56
DEU,Omicron,2022-04-11,154196.4081632653,198.4081632653061,153998.0,111859.79591836734,10706.73469387755,2146.204081632653,83369840.0,83193819.83673468,14.56
DEU,Omicron,2022-04-12,148604.61224489796,193.3877551020408,148411.22448979592,111126.32653061223,10467.489795918367,2112.1020408163263,83369840.0,83199218.24489796,14.56
DEU,Omicron,2022-04-13,143727.20408163266,187.6326530612245,143539.57142857145,110394.1224489796,10254.591836734691,2077.326530612245,83369840.0,83203908.02040815,14.56
DEU,Omicron,2022-04-14,139683.81632653062,181.6122448979592,139502.20408163266,109421.22448979592,10066.69387755102,2042.8979591836735,83369840.0,83207769.79591836,14.560000000000002
DEU,Omicron,2022-04-15,136603.85714285713,176.06122448979593,136427.79591836734,107587.1224489796,9907.95918367347,2008.6326530612248,83369840.0,83210673.69387756,14.560000000000002
DEU,Omicron,2022-04-16,132651.4693877551,169.91836734693877,132481.55102040817,104800.48979591836,9752.938775510203,1974.1020408163265,83369840.0,83214456.1632653,14.56
DEU,Omicron,2022-04-17,128552.67346938777,163.67346938775512,128389.0,101042.7551020408,9595.551020408164,1939.571428571429,83369840.0,83218391.28571428,14.56
DEU,Omicron,2022-04-18,124357.79591836734,157.40816326530611,124200.38775510204,96145.26530612248,9428.122448979591,1905.734693877551,83369840.0,83222428.75510204,14.56
DEU,Omicron,2022-04-19,118356.97959183672,148.6122448979592,118208.3673469388,90132.28571428572,9219.979591836734,1874.65306122449,83369840.0,83228280.95918368,14.56
DEU,Omicron,2022-04-20,112456.81632653062,141.3877551020408,112315.42857142857,83220.9387755102,8973.816326530612,1846.4897959183677,83369840.0,83234039.73469388,14.56
DEU,Omicron,2022-04-21,107593.30612244896,135.46938775510205,107457.83673469388,75864.30612244898,8701.73469387755,1819.5102040816328,83369840.0,83238767.7755102,14.56
DEU,Omicron,2022-04-22,103180.79591836737,129.18367346938777,103051.61224489796,69150.10204081633,8401.510204081633,1793.65306122449,83369840.0,83243051.10204081,14.560000000000002
DEU,Omicron,2022-04-23,101638.16326530612,125.734693877551,101512.42857142857,63266.22448979592,8121.367346938775,1770.142857142857,83369840.0,83244468.0,14.560000000000002
DEU,Omicron,2022-04-24,100640.67346938777,122.57142857142856,100518.10204081632,58272.4693877551,7865.775510204082,1747.2040816326532,83369840.0,83245342.91836736,14.56
DEU,Omicron,2022-04-25,99671.38775510204,118.91836734693878,99552.4693877551,54643.0,7641.65306122449,1724.8775510204084,83369840.0,83246193.28571428,14.56
DEU,Omicron,2022-04-26,102485.2448979592,120.67346938775508,102364.57142857143,52660.95918367348,7521.163265306122,1699.061224489796,83369840.0,83243258.75510204,14.56
DEU,Omicron,2022-04-27,105391.20408163266,120.14285714285714,105271.0612244898,52442.22448979592,7473.142857142857,1669.6938775510205,83369840.0,83240232.65306123,14.56
DEU,Omicron,2022-04-28,106575.28571428572,118.42857142857144,106456.85714285714,53821.81632653061,7470.775510204082,1639.0,83369840.0,83238930.14285715,14.56
DEU,Omicron,2022-04-29,106412.32653061223,116.87755102040816,106295.44897959183,55996.16326530612,7506.448979591836,1607.2244897959183,83369840.0,83238976.2244898,14.56
DEU,Omicron,2022-04-30,104213.85714285714,113.89795918367348,104099.95918367348,58813.469387755096,7530.877551020409,1572.7551020408162,83369840.0,83241060.79591836,14.560000000000002
DEU,Omicron,2022-05-01,101547.73469387754,110.85714285714286,101436.8775510204,62213.55102040816,7540.0,1537.4897959183672,83369840.0,83243616.06122449,14.560000000000002
DEU,Omicron,2022-05-02,98800.85714285714,108.265306122449,98692.59183673467,65686.71428571429,7527.040816326531,1500.8979591836735,83369840.0,83246254.6734694,14.56
DEU,Omicron,2022-05-03,93730.69387755102,102.6122448979592,93628.08163265303,68787.02040816327,7419.040816326531,1465.1836734693877,83369840.0,83251222.2244898,14.56
DEU,Omicron,2022-05-04,88382.71428571429,98.42857142857144,88284.28571428571,71337.0612244898,7252.571428571428,1430.4081632653065,83369840.0,83256471.7755102,14.56
DEU,Omicron,2022-05-05,83809.06122448981,94.6734693877551,83714.38775510203,73177.04081632654,7053.122448979592,1395.8367346938776,83369840.0,83260950.75510204,14.56
DEU,Omicron,2022-05-06,80187.30612244898,91.10204081632654,80096.20408163266,74353.57142857143,6833.591836734694,1360.6326530612243,83369840.0,83264481.40816328,14.56
DEU,Omicron,2022-05-07,77177.71428571429,87.9795918367347,77089.73469387754,74883.51020408164,6615.346938775509,1325.2244897959183,83369840.0,83267403.02040815,14.56
DEU,Omicron,2022-05-08,74440.83673469388,84.9387755102041,74355.89795918368,74792.81632653062,6400.897959183673,1289.6734693877552,83369840.0,83270054.95918368,14.560000000000002
DEU,Omicron,2022-05-09,71880.22448979592,82.12244897959184,71798.10204081633,74274.79591836735,6194.102040816326,1254.6326530612243,83369840.0,83272533.4489796,14.560000000000002
DEU,Omicron,2022-05-10,69929.38775510204,79.14285714285714,69850.24489795919,73571.97959183673,6028.244897959184,1220.142857142857,83369840.0,83274405.14285715,14.56
DEU,Omicron,2022-05-11,68407.26530612246,76.26530612244899,68331.0,72410.38775510204,5888.857142857143,1187.1632653061224,83369840.0,83275851.0,14.56
DEU,Omicron,2022-05-12,67152.26530612246,73.53061224489795,67078.73469387754,70885.02040816327,5766.265306122449,1155.326530612245,83369840.0,83277032.46938775,14.56
DEU,Omicron,2022-05-13,65876.04081632654,71.18367346938776,65804.85714285714,69154.18367346938,5653.30612244898,1126.061224489796,83369840.0,83278237.51020409,14.56
DEU,Omicron,2022-05-14,64617.97959183674,68.91836734693878,64549.0612244898,67243.8163265306,5547.204081632653,1099.469387755102,83369840.0,83279426.65306123,14.56
DEU,Omicron,2022-05-15,63363.18367346939,66.79591836734694,63296.38775510205,65147.24489795918,5446.775510204082,1074.265306122449,83369840.0,83280614.65306123,14.56
DEU,Omicron,2022-05-16,62083.83673469388,64.28571428571429,62019.551020408166,62859.612244897966,5352.367346938775,1050.6326530612243,83369840.0,83281829.71428572,14.560000000000002
DEU,Omicron,2022-05-17,60453.71428571428,62.57142857142857,60391.142857142855,60321.97959183673,5252.183673469388,1028.938775510204,83369840.0,83283397.26530613,14.560000000000002
DEU,Omicron,2022-05-18,58516.73469387755,60.61224489795918,58456.12244897959,57950.79591836735,5145.3877551020405,1008.0816326530612,83369840.0,83285273.63265307,14.56
DEU,Omicron,2022-05-19,56361.67346938775,59.12244897959183,56302.551020408166,55777.24489795919,5032.7959183673465,988.1836734693876,83369840.0,83287369.57142857,14.56
DEU,Omicron,2022-05-20,54095.83673469388,57.3469387755102,54038.489795918365,53810.71428571428,4914.2448979591845,967.8979591836734,83369840.0,83289578.06122449,14.56
DEU,Omicron,2022-05-21,51691.51020408164,55.142857142857146,51636.36734693877,52055.69387755102,4788.3877551020405,947.530612244898,83369840.0,83291927.24489796,14.56
DEU,Omicron,2022-05-22,49298.61224489795,53.02040816326531,49245.59183673469,50511.59183673469,4656.244897959184,928.5510204081633,83369840.0,83294267.122449,14.56
DEU,Omicron,2022-05-23,46926.204081632655,51.24489795918368,46874.95918367347,49179.755102040814,4517.122448979591,909.469387755102,83369840.0,83296588.28571428,14.56
DEU,Omicron,2022-05-24,44567.183673469386,49.48979591836735,44517.69387755102,48091.32653061225,4376.081632653061,888.6734693877551,83369840.0,83298897.81632653,14.560000000000002
DEU,Omicron,2022-05-25,42317.36734693877,47.93877551020408,42269.42857142857,47123.02040816326,4234.142857142857,866.6938775510205,83369840.0,83301099.69387756,14.560000000000002
DEU,Omicron,2022-05-26,40169.10204081632,45.93877551020409,40123.16326530612,46072.551020408166,4090.0408163265306,843.7959183673471,83369840.0,83303202.02040815,14.56
DEU,Omicron,2022-05-27,37712.34693877551,43.57142857142858,37668.77551020408,44814.89795918368,3940.163265306123,821.6734693877552,83369840.0,83305615.20408164,14.56
DEU,Omicron,2022-05-28,35453.06122448979,41.59183673469388,35411.4693877551,43327.26530612245,3789.367346938776,799.7551020408163,83369840.0,83307832.89795919,14.56
DEU,Omicron,2022-05-29,33257.89795918367,39.36734693877551,33218.5306122449,41609.551020408166,3635.795918367347,776.6734693877551,83369840.0,83309988.69387755,14.56
DEU,Omicron,2022-05-30,31107.877551020407,36.97959183673469,31070.89795918368,39648.387755102034,3479.0816326530617,754.3469387755102,83369840.0,83312101.73469388,14.56
DEU,Omicron,2022-05-31,29333.734693877548,34.18367346938776,29299.55102040817,37400.97959183673,3322.7959183673474,734.9591836734695,83369840.0,83313841.69387756,14.56
DEU,Omicron,2022-06-01,28096.42857142857,31.69387755102041,28064.73469387755,34834.163265306124,3171.8979591836737,718.3877551020408,83369840.0,83315047.30612245,14.560000000000002
DEU,Omicron,2022-06-02,27429.42857142857,29.795918367346932,27399.632653061224,32496.693877551017,3032.0816326530617,704.2040816326531,83369840.0,83315684.51020408,14.560000000000002
DEU,Omicron,2022-06-03,28190.693877551024,29.285714285714285,28161.408163265303,30641.10204081633,2924.877551020408,691.1224489795919,83369840.0,83314893.95918368,14.56
DEU,Omicron,2022-06-04,29241.367346938776,29.061224489795915,29212.306122448976,29290.83673469388,2846.775510204082,679.6938775510205,83369840.0,83313814.2244898,14.56
DEU,Omicron,2022-06-05,30400.979591836734,29.04081632653061,30371.938775510203,28446.95918367347,2801.510204081633,670.6938775510205,83369840.0,83312625.57142857,14.56
DEU,Omicron,2022-06-06,31584.28571428572,29.24489795918367,31555.04081632653,28058.306122448983,2789.775510204082,663.3673469387755,83369840.0,83311413.02040817,14.56
DEU,Omicron,2022-06-07,32004.775510204083,29.12244897959184,31975.653061224493,28145.73469387755,2798.3673469387754,656.0204081632653,83369840.0,83310963.40816328,14.56
DEU,Omicron,2022-06-08,32729.44897959184,29.673469387755095,32699.775510204083,28732.34693877551,2834.489795918368,648.6530612244898,83369840.0,83310209.06122449,14.56
DEU,Omicron,2022-06-09,34017.71428571428,30.653061224489797,33987.0612244898,29274.979591836734,2899.1020408163267,641.8367346938776,83369840.0,83308890.14285715,14.560000000000002
DEU,Omicron,2022-06-10,35200.36734693877,31.346938775510207,35169.02040816327,29529.897959183672,2972.6938775510203,636.1224489795919,83369840.0,83307676.14285715,14.560000000000002
DEU,Omicron,2022-06-11,36771.4081632653,32.55102040816327,36738.857142857145,29491.08163265306,3057.612244897959,631.265306122449,83369840.0,83306072.5510204,14.56
DEU,Omicron,2022-06-12,38440.5306122449,33.95918367346939,38406.57142857143,29163.755102040817,3150.612244897959,627.4489795918367,83369840.0,83304369.46938775,14.56
DEU,Omicron,2022-06-13,40201.61224489795,35.244897959183675,40166.36734693877,28734.75510204082,3252.061224489796,624.7551020408164,83369840.0,83302573.14285715,14.56
DEU,Omicron,2022-06-14,44313.95918367348,39.12244897959183,44274.83673469388,28287.000000000004,3403.1836734693875,624.3265306122448,83369840.0,83298421.6734694,14.56
DEU,Omicron,2022-06-15,48477.73469387756,42.3469387755102,48435.387755102034,27846.102040816328,3575.0,625.9183673469388,83369840.0,83294215.5510204,14.56
DEU,Omicron,2022-06-16,51879.12244897959,45.3469387755102,51833.77551020408,27526.85714285714,3755.061224489796,629.3877551020408,83369840.0,83290768.81632653,14.56
DEU,Omicron,2022-06-17,53995.81632653061,47.836734693877546,53947.97959183674,27410.85714285714,3934.183673469388,634.4693877551019,83369840.0,83288604.28571428,14.560000000000002
DEU,Omicron,2022-06-18,55834.40816326531,50.14285714285713,55784.26530612245,27487.469387755107,4114.367346938776,641.3265306122448,83369840.0,83286715.55102041,14.560000000000002
DEU,Omicron,2022-06-19,57600.30612244898,52.36734693877551,57547.9387755102,27755.408163265307,4297.142857142857,650.0,83369840.0,83284897.28571428,14.56
DEU,Omicron,2022-06-20,59281.02040816327,54.73469387755102,59226.28571428572,28029.08163265306,4481.428571428572,660.2857142857143,83369840.0,83283161.83673468,14.56
DEU,Omicron,2022-06-21,59753.57142857143,56.18367346938776,59697.387755102034,28203.734693877548,4625.122448979592,672.0,83369840.0,83282633.10204081,14.56
DEU,Omicron,2022-06-22,60403.95918367347,58.08163265306122,60345.87755102041,28245.183673469382,4757.489795918367,684.9387755102041,83369840.0,83281924.63265307,14.56
DEU,Omicron,2022-06-23,61704.89795918368,59.73469387755102,61645.16326530613,28392.81632653061,4891.306122448979,699.1428571428571,83369840.0,83280563.95918368,14.56
DEU,Omicron,2022-06-24,65009.32653061224,62.89795918367347,64946.42857142857,28700.04081632653,5059.755102040816,714.1020408163266,83369840.0,83277196.63265307,14.56
DEU,Omicron,2022-06-25,68261.83673469388,65.9795918367347,68195.85714285714,29178.48979591837,5252.102040816326,729.6122448979593,83369840.0,83273878.14285715,14.560000000000002
DEU,Omicron,2022-06-26,71526.69387755102,69.38775510204081,71457.30612244898,29814.877551020407,5466.530612244897,745.5510204081633,83369840.0,83270543.89795919,14.560000000000002
DEU,Omicron,2022-06-27,74800.89795918368,72.73469387755102,74728.16326530612,30653.73469387755,5702.857142857143,763.2857142857143,83369840.0,83267196.95918368,14.56
DEU,Omicron,2022-06-28,77930.20408163266,75.40816326530613,77854.79591836735,31725.285714285717,5964.306122448979,782.3469387755102,83369840.0,83263992.24489796,14.56
DEU,Omicron,2022-06-29,80701.97959183673,78.40816326530613,80623.57142857143,33005.551020408166,6233.714285714285,802.2857142857143,83369840.0,83261142.06122449,14.56
DEU,Omicron,2022-06-30,83063.75510204081,81.91836734693878,82981.83673469388,34195.57142857143,6502.163265306122,822.1428571428571,83369840.0,83258698.36734693,14.56
DEU,Omicron,2022-07-01,84297.18367346938,84.26530612244899,84212.91836734695,35157.97959183673,6735.04081632653,843.5102040816327,83369840.0,83257380.6734694,14.56
DEU,Omicron,2022-07-02,85488.34693877552,86.10204081632652,85402.24489795919,35873.95918367347,6938.816326530613,866.7142857142857,83369840.0,83256103.40816328,14.56
DEU,Omicron,2022-07-03,86531.14285714286,87.16326530612245,86443.97959183673,36354.71428571428,7113.673469387756,890.8163265306122,83369840.0,83254973.4489796,14.560000000000002
DEU,Omicron,2022-07-04,87519.65306122448,88.06122448979592,87431.59183673469,36604.30612244898,7258.918367346939,913.8367346938776,83369840.0,83253896.87755103,14.560000000000002
DEU,Omicron,2022-07-05,88354.14285714286,88.87755102040816,88265.26530612246,36575.75510204082,7378.979591836735,934.7755102040816,83369840.0,83252973.51020408,14.56
DEU,Omicron,2022-07-06,88883.61224489796,88.79591836734694,88794.81632653062,36285.142857142855,7477.693877551021,954.8571428571428,83369840.0,83252355.24489796,14.56
DEU,Omicron,2022-07-07,89225.8775510204,88.87755102040816,89137.0,35856.510204081635,7558.224489795919,974.8163265306124,83369840.0,83251924.10204081,14.56
DEU,Omicron,2022-07-08,89402.53061224488,89.06122448979592,89313.46938775512,35428.755102040814,7636.612244897959,993.0408163265304,83369840.0,83251658.38775511,14.56
DEU,Omicron,2022-07-09,89439.4081632653,89.6530612244898,89349.75510204083,35022.57142857143,7712.877551020408,1008.7755102040816,83369840.0,83251531.85714285,14.56
DEU,Omicron,2022-07-10,89537.10204081633,91.28571428571428,89445.81632653062,34638.12244897959,7788.612244897959,1023.3061224489796,83369840.0,83251342.87755103,14.56
DEU,Omicron,2022-07-11,89675.61224489797,93.16326530612244,89582.44897959185,34304.18367346939,7865.734693877551,1037.387755102041,83369840.0,83251111.20408164,14.06714285714286
DEU,Omicron,2022-07-12,89945.36734693877,96.0204081632653,89849.3469387755,34114.02040816326,7956.673469387754,1052.8163265306123,83369840.0,83250745.42857143,13.574285714285717
DEU,Omicron,2022-07-13,90407.71428571428,100.57142857142856,90307.14285714286,34099.73469387755,8066.265306122448,1069.9183673469388,83369840.0,83250182.51020408,13.081428571428573
DEU,Omicron,2022-07-14,90985.34693877552,104.91836734693878,90880.42857142857,34273.163265306124,8196.42857142857,1088.5918367346935,83369840.0,83249499.95918368,12.588571428571427
DEU,Omicron,2022-07-15,91670.87755102044,110.265306122449,91560.61224489796,34592.795918367345,8347.673469387755,1108.387755102041,83369840.0,83248704.16326532,12.095714285714283
DEU,Omicron,2022-07-16,92605.34693877552,116.53061224489797,92488.8163265306,35061.10204081633,8525.224489795919,1130.265306122449,83369840.0,83247653.16326532,11.602857142857143
DEU,Omicron,2022-07-17,93579.83673469388,121.85714285714286,93457.97959183672,35679.12244897959,8727.857142857143,1153.4897959183677,83369840.0,83246556.81632653,11.11
DEU,Omicron,2022-07-18,94512.7551020408,127.10204081632654,94385.6530612245,36415.755102040814,8952.448979591836,1177.4897959183677,83369840.0,83245496.79591836,11.11
DEU,Omicron,2022-07-19,95305.32653061223,132.28571428571428,95173.04081632652,37175.0612244898,9180.65306122449,1200.734693877551,83369840.0,83244571.93877551,11.11
DEU,Omicron,2022-07-20,95909.55102040817,135.91836734693877,95773.6326530612,37881.24489795919,9408.877551020409,1221.918367346939,83369840.0,83243831.79591836,11.11
DEU,Omicron,2022-07-21,96074.02040816328,140.16326530612244,95933.85714285714,38495.65306122449,9631.285714285714,1242.3061224489795,83369840.0,83243527.1632653,11.11
DEU,Omicron,2022-07-22,95845.48979591836,144.24489795918367,95701.2448979592,38949.73469387756,9843.73469387755,1263.2040816326532,83369840.0,83243611.4489796,11.11
DEU,Omicron,2022-07-23,94961.5306122449,147.51020408163268,94814.02040816328,39202.83673469388,10032.653061224491,1284.265306122449,83369840.0,83244347.89795919,11.11
DEU,Omicron,2022-07-24,93980.81632653062,150.81632653061226,93830.0,39249.79591836735,10197.755102040815,1305.3673469387754,83369840.0,83245177.79591836,11.11
DEU,Omicron,2022-07-25,93001.61224489796,154.26530612244898,92847.34693877552,39084.97959183674,10343.04081632653,1328.265306122449,83369840.0,83246002.73469388,11.11
DEU,Omicron,2022-07-26,91665.02040816328,158.0,91507.02040816328,38765.04081632653,10479.38775510204,1354.8367346938776,83369840.0,83247181.3265306,11.11
DEU,Omicron,2022-07-27,89837.81632653062,161.3877551020408,89676.42857142857,38371.387755102034,10599.020408163266,1384.795918367347,83369840.0,83248847.14285715,11.11
DEU,Omicron,2022-07-28,87756.1224489796,163.0408163265306,87593.08163265306,37904.22448979592,10697.73469387755,1414.8367346938778,83369840.0,83250765.79591836,11.11
DEU,Omicron,2022-07-29,85369.1224489796,162.59183673469389,85206.5306122449,37411.9387755102,10760.367346938774,1443.3673469387754,83369840.0,83252990.20408164,11.11
DEU,Omicron,2022-07-30,82814.20408163265,160.9795918367347,82653.2244897959,36935.40816326531,10788.142857142857,1469.1632653061224,83369840.0,83255384.14285715,11.11
DEU,Omicron,2022-07-31,80188.26530612246,159.59183673469389,80028.67346938777,36471.67346938776,10779.367346938774,1491.571428571429,83369840.0,83257850.48979592,11.11
DEU,Omicron,2022-08-01,77505.69387755102,157.69387755102042,77348.0,36038.87755102041,10728.102040816328,1507.3673469387754,83369840.0,83260375.36734693,11.11
DEU,Omicron,2022-08-02,74374.22448979592,152.69387755102042,74221.5306122449,35588.34693877551,10616.26530612245,1513.5510204081631,83369840.0,83263354.14285715,11.11
DEU,Omicron,2022-08-03,71071.20408163265,146.9795918367347,70924.22448979592,35047.551020408166,10447.326530612245,1510.5306122448978,83369840.0,83266510.18367347,11.11
DEU,Omicron,2022-08-04,67741.9387755102,140.9795918367347,67600.95918367346,34425.489795918365,10229.42857142857,1501.1224489795916,83369840.0,83269698.46938775,11.11
DEU,Omicron,2022-08-05,64596.36734693877,135.55102040816325,64460.81632653061,33720.4693877551,9985.0,1487.265306122449,83369840.0,83272708.48979591,11.11
DEU,Omicron,2022-08-06,61735.42857142857,130.46938775510202,61604.95918367347,32924.75510204082,9726.755102040815,1470.1020408163265,83369840.0,83275438.95918368,11.11
DEU,Omicron,2022-08-07,58961.755102040814,125.36734693877553,58836.387755102034,32045.51020408163,9458.367346938774,1449.571428571429,83369840.0,83278087.26530613,11.11
DEU,Omicron,2022-08-08,56251.69387755101,120.3673469387755,56131.32653061224,31080.673469387755,9186.102040816328,1427.9591836734694,83369840.0,83280676.95918368,11.11
DEU,Omicron,2022-08-09,53913.10204081633,116.12244897959182,53796.97959183673,30103.673469387755,8929.448979591836,1406.530612244898,83369840.0,83282899.42857143,11.11
DEU,Omicron,2022-08-10,51918.22448979592,112.42857142857144,51805.79591836735,29180.20408163265,8690.836734693878,1385.8775510204084,83369840.0,83284781.87755103,11.11
DEU,Omicron,2022-08-11,50215.36734693877,109.08163265306122,50106.28571428572,28352.693877551024,8471.26530612245,1363.918367346939,83369840.0,83286375.65306123,11.11
DEU,Omicron,2022-08-12,48724.183673469386,105.40816326530611,48618.77551020408,27642.61224489796,8263.897959183674,1339.8775510204084,83369840.0,83287761.42857143,11.11
DEU,Omicron,2022-08-13,47402.12244897959,101.89795918367348,47300.22448979592,27037.97959183673,8061.877551020409,1314.0408163265306,83369840.0,83288981.59183674,11.11
DEU,Omicron,2022-08-14,46079.77551020408,98.24489795918366,45981.5306122449,26538.55102040816,7863.183673469387,1288.7755102040817,83369840.0,83290205.69387756,11.11
DEU,Omicron,2022-08-15,44760.51020408164,94.83673469387756,44665.67346938776,26138.755102040817,7665.877551020409,1262.8367346938776,83369840.0,83291430.12244897,11.11
DEU,Omicron,2022-08-16,43567.55102040816,91.9591836734694,43475.59183673469,25785.448979591834,7470.632653061225,1237.4081632653065,83369840.0,83292531.122449,11.11
DEU,Omicron,2022-08-17,42628.77551020408,90.16326530612244,42538.612244897966,25447.775510204083,7291.367346938775,1211.7346938775513,83369840.0,83293379.73469387,11.11
DEU,Omicron,2022-08-18,41882.0612244898,89.12244897959184,41792.9387755102,25105.12244897959,7129.775510204082,1189.0204081632655,83369840.0,83294037.3265306,11.11
DEU,Omicron,2022-08-19,41223.67346938776,88.79591836734694,41134.87755102041,24754.755102040817,6991.224489795918,1168.428571428571,83369840.0,83294606.91836736,11.11
DEU,Omicron,2022-08-20,40509.08163265306,88.20408163265306,40420.87755102041,24418.16326530612,6875.816326530612,1148.816326530612,83369840.0,83295233.30612245,11.11
DEU,Omicron,2022-08-21,39811.142857142855,87.75510204081634,39723.387755102034,24095.0,6785.34693877551,1128.5918367346935,83369840.0,83295843.48979592,11.11
DEU,Omicron,2022-08-22,39097.51020408164,87.12244897959184,39010.38775510205,23809.755102040817,6718.489795918367,1108.4897959183672,83369840.0,83296470.0,11.11
DEU,Omicron,2022-08-23,38541.89795918368,86.63265306122449,38455.26530612245,23600.79591836735,6672.755102040816,1087.816326530612,83369840.0,83296938.97959185,11.11
DEU,Omicron,2022-08-24,37851.204081632655,84.22448979591836,37766.97959183674,23492.714285714286,6623.265306122449,1066.938775510204,83369840.0,83297545.4489796,11.11
DEU,Omicron,2022-08-25,37063.97959183674,80.55102040816325,36983.42857142857,23457.61224489796,6563.7959183673465,1043.2448979591836,83369840.0,83298252.122449,11.11
DEU,Omicron,2022-08-26,36225.81632653061,76.22448979591836,36149.59183673469,23480.326530612245,6483.775510204082,1018.5714285714284,83369840.0,83299014.06122449,11.11
DEU,Omicron,2022-08-27,35481.9387755102,72.16326530612244,35409.77551020408,23544.14285714285,6384.142857142857,994.3673469387757,83369840.0,83299685.7755102,11.11
DEU,Omicron,2022-08-28,34735.4693877551,68.06122448979592,34667.4081632653,23645.163265306124,6262.938775510204,970.5102040816328,83369840.0,83300364.18367347,11.11
DEU,Omicron,2022-08-29,34014.102040816324,64.08163265306122,33950.02040816326,23753.04081632653,6122.102040816326,947.3061224489796,83369840.0,83301021.46938775,11.11
DEU,Omicron,2022-08-30,33286.59183673469,60.08163265306122,33226.510204081635,23833.42857142857,5957.673469387754,924.9591836734692,83369840.0,83301688.89795919,11.11
DEU,Omicron,2022-08-31,32690.469387755107,57.22448979591837,32633.24489795919,23852.16326530612,5787.2040816326535,904.1836734693878,83369840.0,83302227.79591836,11.11
DEU,Omicron,2022-09-01,32114.44897959184,55.36734693877552,32059.08163265306,23821.91836734694,5614.734693877551,885.1632653061224,83369840.0,83302748.4489796,11.11
DEU,Omicron,2022-09-02,31570.306122448983,54.22448979591837,31516.08163265306,23740.75510204081,5448.265306122449,867.2448979591837,83369840.0,83303238.36734693,11.11
DEU,Omicron,2022-09-03,31018.163265306124,53.142857142857146,30965.020408163266,23610.183673469382,5288.979591836735,849.8775510204083,83369840.0,83303737.36734693,11.11
DEU,Omicron,2022-09-04,30493.85714285714,52.26530612244898,30441.591836734697,23434.102040816324,5137.857142857143,833.4693877551019,83369840.0,83304209.40816328,11.11
DEU,Omicron,2022-09-05,29958.714285714286,51.30612244897959,29907.408163265307,23214.326530612245,4994.551020408163,818.1020408163265,83369840.0,83304693.24489796,11.11
DEU,Omicron,2022-09-06,29444.65306122449,50.6122448979592,29394.04081632653,22951.75510204082,4863.183673469387,803.6122448979593,83369840.0,83305156.69387755,11.11
DEU,Omicron,2022-09-07,28991.61224489796,50.06122448979591,28941.55102040817,22645.91836734694,4742.265306122449,789.6326530612245,83369840.0,83305559.6734694,11.11
DEU,Omicron,2022-09-08,28739.102040816328,49.224489795918366,28689.87755102041,22311.83673469388,4635.367346938775,777.3265306122449,83369840.0,83305762.95918368,11.11
DEU,Omicron,2022-09-09,28663.85714285714,48.387755102040806,28615.4693877551,21941.959183673476,4544.408163265306,766.2040816326531,83369840.0,83305789.81632653,11.11
DEU,Omicron,2022-09-10,28695.183673469382,48.0,28647.183673469382,21543.75510204082,4470.734693877551,755.6734693877551,83369840.0,83305710.48979592,11.11
DEU,Omicron,2022-09-11,28723.591836734697,47.224489795918366,28676.367346938776,21115.81632653061,4414.0204081632655,745.6122448979592,83369840.0,83305634.85714285,11.11
DEU,Omicron,2022-09-12,28771.08163265306,46.55102040816326,28724.530612244893,20678.26530612245,4373.061224489796,735.7755102040817,83369840.0,83305540.81632653,11.11
DEU,Omicron,2022-09-13,28971.959183673476,46.18367346938776,28925.775510204083,20305.163265306124,4350.897959183674,727.4081632653061,83369840.0,83305293.75510204,11.11
DEU,Omicron,2022-09-14,29321.5306122449,46.0,29275.530612244893,20096.469387755107,4345.530612244898,720.9591836734695,83369840.0,83304898.18367347,11.11
DEU,Omicron,2022-09-15,29689.122448979597,46.51020408163265,29642.61224489796,20123.775510204083,4351.897959183673,715.3061224489795,83369840.0,83304484.08163264,11.11
DEU,Omicron,2022-09-16,30106.020408163266,47.16326530612245,30058.85714285714,20482.44897959184,4367.489795918367,710.1836734693877,83369840.0,83304020.02040817,11.11
DEU,Omicron,2022-09-17,30586.26530612245,47.6122448979592,30538.65306122449,21181.36734693878,4390.408163265306,706.2244897959183,83369840.0,83303492.1632653,11.11
DEU,Omicron,2022-09-18,31085.571428571428,48.3469387755102,31037.22448979592,22225.306122448983,4422.244897959184,703.2244897959183,83369840.0,83302944.51020408,11.11
DEU,Omicron,2022-09-19,31592.26530612245,49.08163265306123,31543.18367346939,23623.36734693878,4464.673469387755,701.2857142857143,83369840.0,83302388.73469388,11.11
DEU,Omicron,2022-09-20,32170.16326530612,50.24489795918368,32119.91836734693,25289.163265306124,4516.673469387756,698.9183673469387,83369840.0,83301760.59183672,11.11
DEU,Omicron,2022-09-21,32769.204081632655,51.775510204081634,32717.42857142857,27094.38775510204,4581.224489795918,695.4489795918367,83369840.0,83301109.7755102,11.11
DEU,Omicron,2022-09-22,33521.34693877551,53.59183673469387,33467.755102040814,28911.51020408163,4667.408163265306,691.9795918367347,83369840.0,83300304.04081632,11.11
DEU,Omicron,2022-09-23,34365.04081632653,55.836734693877546,34309.204081632655,30608.83673469388,4778.265306122449,689.8775510204083,83369840.0,83299404.51020408,11.11
DEU,Omicron,2022-09-24,35382.16326530612,58.69387755102041,35323.4693877551,32160.367346938776,4920.020408163265,689.2857142857143,83369840.0,83298328.69387756,11.11
DEU,Omicron,2022-09-25,36500.63265306123,61.93877551020408,36438.69387755102,33561.755102040814,5093.408163265306,690.9795918367347,83369840.0,83297148.28571428,11.11
DEU,Omicron,2022-09-26,37676.551020408166,65.3469387755102,37611.204081632655,34791.69387755102,5299.816326530613,695.5510204081633,83369840.0,83295907.02040815,11.11
DEU,Omicron,2022-09-27,39231.28571428572,69.65306122448979,39161.63265306123,35917.142857142855,5550.020408163265,704.1224489795917,83369840.0,83294282.63265307,11.11
DEU,Omicron,2022-09-28,41502.4693877551,75.0408163265306,41427.42857142857,37040.95918367347,5855.102040816326,716.5714285714286,83369840.0,83291936.40816328,11.11
DEU,Omicron,2022-09-29,44338.142857142855,81.22448979591836,44256.91836734694,38284.40816326531,6211.510204081633,732.7142857142857,83369840.0,83289019.51020408,11.11
DEU,Omicron,2022-09-30,47558.95918367348,88.55102040816327,47470.40816326531,39780.755102040814,6621.979591836735,751.8571428571429,83369840.0,83285710.14285715,11.11
DEU,Omicron,2022-10-01,51043.04081632653,96.24489795918367,50946.79591836735,41576.77551020408,7083.61224489796,774.591836734694,83369840.0,83282129.81632653,11.11
DEU,Omicron,2022-10-02,54562.83673469388,103.63265306122447,54459.204081632655,43671.36734693877,7593.306122448979,801.0408163265307,83369840.0,83278506.38775511,11.11
DEU,Omicron,2022-10-03,58079.51020408164,110.9795918367347,57968.5306122449,45973.5306122449,8148.816326530612,830.3673469387755,83369840.0,83274878.73469387,11.11
DEU,Omicron,2022-10-04,59700.08163265306,114.10204081632654,59585.97959183674,48351.26530612245,8676.877551020409,863.8571428571429,83369840.0,83273144.06122449,11.11
DEU,Omicron,2022-10-05,61018.67346938775,119.71428571428572,60898.95918367348,50706.69387755102,9190.469387755102,903.3673469387757,83369840.0,83271705.75510204,11.11
DEU,Omicron,2022-10-06,62731.551020408166,126.57142857142856,62604.97959183674,52916.10204081633,9702.102040816328,948.9795918367348,83369840.0,83269866.30612245,11.11
DEU,Omicron,2022-10-07,65164.40816326531,134.0204081632653,65030.38775510205,54847.469387755096,10211.673469387755,1000.2857142857144,83369840.0,83267299.42857143,11.11
DEU,Omicron,2022-10-08,67909.5306122449,141.77551020408163,67767.75510204081,56437.79591836735,10717.102040816328,1056.5918367346935,83369840.0,83264412.53061225,11.11
DEU,Omicron,2022-10-09,70622.61224489796,149.67346938775512,70472.9387755102,57689.63265306123,11220.326530612245,1117.2857142857142,83369840.0,83261549.7755102,11.11
DEU,Omicron,2022-10-10,73382.08163265306,157.87755102040816,73224.20408163265,58906.63265306123,11720.061224489797,1184.0408163265306,83369840.0,83258632.42857143,11.11
DEU,Omicron,2022-10-11,80154.73469387754,175.51020408163268,79979.2244897959,60325.30612244899,12392.244897959185,1252.4897959183672,83369840.0,83251684.26530613,11.11
DEU,Omicron,2022-10-12,86708.1224489796,187.5918367346939,86520.5306122449,62006.38775510205,13134.816326530612,1319.061224489796,83369840.0,83244943.28571428,11.11
DEU,Omicron,2022-10-13,91550.38775510204,196.77551020408163,91353.61224489796,64013.36734693877,13894.57142857143,1383.0408163265306,83369840.0,83239904.24489796,11.11
DEU,Omicron,2022-10-14,94334.7755102041,204.0,94130.7755102041,66396.89795918368,14641.061224489797,1443.612244897959,83369840.0,83236915.85714285,11.11
DEU,Omicron,2022-10-15,95773.83673469388,210.42857142857144,95563.40816326533,69202.1836734694,15361.95918367347,1499.1632653061224,83369840.0,83235266.36734693,11.11
DEU,Omicron,2022-10-16,97002.6326530612,216.6122448979592,96786.02040816328,72428.75510204081,16053.57142857143,1549.5510204081634,83369840.0,83233820.95918368,11.11
DEU,Omicron,2022-10-17,98041.7551020408,222.28571428571428,97819.46938775512,75751.85714285714,16714.877551020407,1592.2448979591838,83369840.0,83232559.5510204,11.11
DEU,Omicron,2022-10-18,96061.16326530612,221.3673469387755,95839.79591836737,78947.18367346938,17152.306122448983,1629.5102040816323,83369840.0,83234318.7755102,11.11
DEU,Omicron,2022-10-19,93437.7551020408,222.34693877551015,93215.40816326533,81984.83673469388,17467.755102040817,1662.571428571429,83369840.0,83236719.8367347,11.11
DEU,Omicron,2022-10-20,90975.16326530612,222.9387755102041,90752.2244897959,84778.14285714286,17690.448979591838,1690.571428571429,83369840.0,83238959.48979592,11.11
DEU,Omicron,2022-10-21,88817.22448979593,222.1020408163265,88595.1224489796,87286.3469387755,17835.5306122449,1714.0204081632653,83369840.0,83240895.3265306,11.11
DEU,Omicron,2022-10-22,86737.57142857143,220.3673469387755,86517.20408163265,89458.8163265306,17899.000000000004,1734.7142857142858,83369840.0,83242754.61224489,11.11
DEU,Omicron,2022-10-23,84648.32653061223,218.3061224489796,84430.02040816327,91280.42857142857,17879.73469387755,1751.4897959183672,83369840.0,83244625.55102041,11.11
DEU,Omicron,2022-10-24,82583.26530612246,216.57142857142856,82366.69387755102,92881.91836734694,17777.816326530614,1764.3469387755104,83369840.0,83246474.04081632,11.11
DEU,Omicron,2022-10-25,80184.16326530612,213.44897959183672,79970.71428571429,94280.85714285714,17641.673469387755,1772.1020408163265,83369840.0,83248659.69387756,11.11
DEU,Omicron,2022-10-26,77340.18367346938,207.3673469387755,77132.81632653062,95335.20408163266,17416.714285714286,1774.8367346938776,83369840.0,83251296.30612245,11.11
DEU,Omicron,2022-10-27,74119.5306122449,200.3469387755102,73919.1836734694,96158.79591836737,17106.816326530614,1772.938775510204,83369840.0,83254316.61224489,11.11
DEU,Omicron,2022-10-28,70760.1224489796,193.0204081632653,70567.10204081633,96723.32653061226,16715.816326530614,1767.0408163265306,83369840.0,83257483.0,11.11
DEU,Omicron,2022-10-29,67324.75510204081,184.81632653061223,67139.9387755102,97040.42857142857,16255.183673469388,1755.918367346939,83369840.0,83260733.5510204,11.11
DEU,Omicron,2022-10-30,63862.57142857143,176.81632653061226,63685.755102040814,97122.67346938777,15728.183673469388,1740.8775510204082,83369840.0,83264018.91836736,11.11
DEU,Omicron,2022-10-31,60395.469387755096,168.10204081632654,60227.36734693877,96750.71428571428,15136.183673469388,1722.204081632653,83369840.0,83267317.91836736,11.11
DEU,Omicron,2022-11-01,56592.428571428565,156.71428571428572,56435.71428571428,95756.55102040817,14492.0,1701.061224489796,83369840.0,83270964.24489796,11.11
DEU,Omicron,2022-11-02,52457.12244897959,146.85714285714286,52310.26530612245,94368.36734693876,13825.38775510204,1678.3673469387754,83369840.0,83274952.69387756,11.11
DEU,Omicron,2022-11-03,48953.857142857145,138.24489795918367,48815.61224489795,92453.30612244898,13154.877551020409,1654.1836734693877,83369840.0,83278317.71428572,11.11
DEU,Omicron,2022-11-04,45880.79591836735,130.30612244897958,45750.48979591836,90081.79591836737,12493.163265306122,1627.8367346938776,83369840.0,83281260.46938775,11.11
DEU,Omicron,2022-11-05,43139.36734693877,123.12244897959184,43016.24489795918,87289.57142857143,11852.775510204085,1599.7959183673468,83369840.0,83283878.7755102,11.11
DEU,Omicron,2022-11-06,40482.36734693877,115.83673469387756,40366.5306122449,84086.42857142857,11237.653061224488,1570.0,83369840.0,83286419.93877551,11.11
DEU,Omicron,2022-11-07,37822.61224489795,108.6938775510204,37713.91836734694,80886.14285714286,10648.918367346938,1538.5102040816323,83369840.0,83288971.0,11.11
DEU,Omicron,2022-11-08,36378.95918367347,106.6734693877551,36272.28571428572,78383.22448979593,10148.551020408164,1504.857142857143,83369840.0,83290307.97959185,11.11
DEU,Omicron,2022-11-09,36179.44897959184,105.08163265306122,36074.36734693877,76575.69387755102,9751.020408163267,1467.8367346938776,83369840.0,83290402.40816328,11.11
DEU,Omicron,2022-11-10,35534.02040816326,102.97959183673468,35431.04081632653,75599.10204081633,9423.102040816328,1428.857142857143,83369840.0,83290944.85714285,11.11
DEU,Omicron,2022-11-11,34674.89795918368,101.12244897959184,34573.77551020408,75493.20408163266,9152.122448979591,1388.795918367347,83369840.0,83291702.85714285,11.11
DEU,Omicron,2022-11-12,33772.02040816326,99.42857142857144,33672.5918367347,76253.91836734695,8928.163265306122,1349.1020408163265,83369840.0,83292506.30612244,11.11
DEU,Omicron,2022-11-13,32868.795918367345,97.95918367346938,32770.83673469388,77871.32653061223,8745.510204081633,1308.9591836734694,83369840.0,83293311.57142857,11.11
DEU,Omicron,2022-11-14,32020.183673469382,96.77551020408164,31923.408163265307,80061.59183673469,8605.979591836734,1270.0,83369840.0,83294063.40816328,11.11
DEU,Omicron,2022-11-15,30755.5306122449,93.44897959183672,30662.081632653066,82044.42857142857,8448.510204081633,1232.1020408163265,83369840.0,83295234.61224489,11.11
DEU,Omicron,2022-11-16,29176.510204081635,90.75510204081633,29085.755102040817,83614.69387755102,8254.285714285714,1196.857142857143,83369840.0,83296722.87755103,11.11
DEU,Omicron,2022-11-17,28023.38775510204,88.26530612244899,27935.12244897959,84679.89795918368,8053.428571428572,1162.857142857143,83369840.0,83297787.73469387,11.11
DEU,Omicron,2022-11-18,27150.24489795919,86.26530612244899,27063.979591836734,85135.81632653062,7860.081632653061,1130.387755102041,83369840.0,83298574.61224489,11.11
DEU,Omicron,2022-11-19,26457.244897959183,84.55102040816327,26372.693877551024,84971.79591836735,7677.877551020408,1097.9795918367347,83369840.0,83299183.06122449,11.11
DEU,Omicron,2022-11-20,25808.673469387755,82.77551020408164,25725.897959183672,84185.04081632652,7511.918367346938,1067.3673469387754,83369840.0,83299748.85714285,11.11
DEU,Omicron,2022-11-21,25148.714285714286,80.9795918367347,25067.73469387755,82831.22448979593,7359.020408163265,1037.5306122448978,83369840.0,83300327.83673468,11.11
DEU,Omicron,2022-11-22,24674.816326530618,80.46938775510205,24594.346938775507,81252.04081632652,7243.020408163265,1010.591836734694,83369840.0,83300721.26530612,11.11
DEU,Omicron,2022-11-23,24358.32653061225,80.0,24278.32653061225,79595.63265306121,7169.163265306122,985.9591836734696,83369840.0,83300957.75510204,11.11
DEU,Omicron,2022-11-24,24203.87755102041,80.61224489795919,24123.26530612245,77904.16326530614,7129.448979591836,964.9591836734692,83369840.0,83301031.59183672,11.11
DEU,Omicron,2022-11-25,24153.55102040817,81.46938775510205,24072.08163265306,76236.26530612246,7114.489795918366,947.0816326530612,83369840.0,83301000.44897959,11.11
DEU,Omicron,2022-11-26,24142.32653061225,83.0204081632653,24059.306122448976,74579.73469387754,7125.142857142857,933.34693877551,83369840.0,83300928.65306123,11.11
DEU,Omicron,2022-11-27,24140.48979591837,84.71428571428571,24055.775510204083,72940.63265306123,7158.979591836735,923.0816326530612,83369840.0,83300845.7755102,11.11
DEU,Omicron,2022-11-28,24159.38775510204,86.46938775510203,24072.91836734694,71322.22448979592,7219.306122448979,916.6122448979592,83369840.0,83300740.40816326,11.11
DEU,Omicron,2022-11-29,24287.408163265303,89.22448979591836,24198.18367346939,69687.16326530612,7300.714285714285,911.2857142857144,83369840.0,83300523.16326532,11.11
DEU,Omicron,2022-11-30,24508.83673469388,92.16326530612244,24416.673469387755,68007.10204081632,7403.857142857143,907.3265306122448,83369840.0,83300209.57142857,11.11
DEU,Omicron,2022-12-01,24762.714285714286,95.14285714285714,24667.571428571428,66274.26530612246,7529.306122448979,904.2244897959184,83369840.0,83299860.5510204,11.11
DEU,Omicron,2022-12-02,25032.469387755107,98.3061224489796,24934.163265306124,64495.3469387755,7680.142857142857,902.469387755102,83369840.0,83299492.48979592,11.11
DEU,Omicron,2022-12-03,25324.755102040817,101.265306122449,25223.48979591837,62694.04081632653,7851.102040816327,901.9795918367348,83369840.0,83299098.93877551,11.11
DEU,Omicron,2022-12-04,25612.20408163265,104.265306122449,25507.938775510203,60863.3469387755,8041.020408163265,902.7142857142856,83369840.0,83298707.2244898,11.11
DEU,Omicron,2022-12-05,25902.530612244904,107.46938775510203,25795.061224489797,59037.08163265306,8248.020408163266,904.1224489795916,83369840.0,83298309.42857143,11.11
DEU,Omicron,2022-12-06,26137.20408163265,109.53061224489797,26027.673469387755,57233.95918367348,8464.448979591836,908.877551020408,83369840.0,83297965.2244898,11.11
DEU,Omicron,2022-12-07,26345.18367346939,111.81632653061224,26233.367346938776,55490.0612244898,8684.122448979591,916.0,83369840.0,83297645.42857143,11.11
DEU,Omicron,2022-12-08,26552.55102040817,114.48979591836734,26438.0612244898,53849.551020408166,8899.204081632653,925.2040816326532,83369840.0,83297323.57142857,11.11
DEU,Omicron,2022-12-09,26795.14285714286,117.81632653061224,26677.326530612245,52328.75510204082,9104.714285714286,936.1020408163264,83369840.0,83296963.1632653,11.11
DEU,Omicron,2022-12-10,27060.04081632653,121.3469387755102,26938.693877551017,50917.91836734693,9306.591836734691,947.2244897959184,83369840.0,83296576.91836736,11.11
DEU,Omicron,2022-12-11,27359.36734693878,125.0408163265306,27234.32653061225,49632.36734693877,9508.22448979592,957.9795918367348,83369840.0,83296152.55102041,11.11
DEU,Omicron,2022-12-12,27658.91836734694,128.3877551020408,27530.5306122449,48448.142857142855,9707.448979591836,969.8775510204084,83369840.0,83295724.61224489,11.11
DEU,Omicron,2022-12-13,28086.04081632653,133.28571428571428,27952.755102040817,47372.20408163265,9913.653061224491,981.2448979591836,83369840.0,83295164.20408164,11.11
DEU,Omicron,2022-12-14,28507.591836734693,138.28571428571428,28369.306122448983,46359.5306122449,10131.91836734694,992.4285714285714,83369840.0,83294604.36734693,11.11
DEU,Omicron,2022-12-15,29013.897959183672,142.73469387755102,28871.16326530612,45385.59183673469,10365.857142857143,1004.061224489796,83369840.0,83293955.3265306,11.11
DEU,Omicron,2022-12-16,29542.77551020408,146.51020408163268,29396.26530612245,44431.04081632653,10617.469387755104,1016.1428571428572,83369840.0,83293279.93877551,11.11
DEU,Omicron,2022-12-17,30059.04081632653,149.9591836734694,29909.081632653066,43496.95918367348,10877.204081632652,1029.65306122449,83369840.0,83292613.71428572,11.11
DEU,Omicron,2022-12-18,30533.408163265303,153.08163265306123,30380.326530612245,42564.02040816326,11140.653061224488,1045.469387755102,83369840.0,83291986.26530613,11.11
DEU,Omicron,2022-12-19,31011.81632653061,156.65306122448982,30855.163265306124,41636.89795918367,11410.122448979591,1061.469387755102,83369840.0,83291351.20408164,11.11
DEU,Omicron,2022-12-20,31403.75510204081,159.85714285714286,31243.897959183672,40662.16326530612,11673.224489795915,1077.4489795918366,83369840.0,83290799.40816326,11.11
DEU,Omicron,2022-12-21,31769.244897959183,163.57142857142858,31605.673469387755,39630.30612244898,11925.30612244898,1094.9795918367347,83369840.0,83290270.34693877,11.11
DEU,Omicron,2022-12-22,31990.938775510203,167.57142857142858,31823.367346938776,38466.34693877551,12166.61224489796,1113.65306122449,83369840.0,83289881.08163264,11.11
DEU,Omicron,2022-12-23,32163.61224489796,171.67346938775512,31991.938775510207,37107.24489795919,12396.408163265309,1132.857142857143,83369840.0,83289536.73469388,11.11
DEU,Omicron,2022-12-24,32343.979591836734,175.42857142857142,32168.55102040817,35530.816326530614,12619.510204081633,1152.4081632653065,83369840.0,83289180.93877551,11.11
DEU,Omicron,2022-12-25,32521.89795918368,178.9795918367347,32342.91836734694,33747.65306122449,12834.653061224491,1171.6122448979593,83369840.0,83288824.04081632,11.11
DEU,Omicron,2022-12-26,32681.42857142857,182.0612244897959,32499.367346938776,31704.897959183672,13038.122448979591,1191.428571428571,83369840.0,83288482.44897959,11.11
DEU,Omicron,2022-12-27,31906.530612244904,177.10204081632654,31729.42857142857,29427.020408163266,13167.673469387752,1213.2244897959183,83369840.0,83289080.24489796,11.11
DEU,Omicron,2022-12-28,31021.326530612245,172.85714285714286,30848.4693877551,26945.85714285714,13223.510204081633,1234.979591836735,83369840.0,83289792.59183672,11.11
DEU,Omicron,2022-12-29,30027.163265306124,168.16326530612244,29859.0,24377.897959183672,13195.551020408162,1256.2857142857142,83369840.0,83290618.59183674,11.11
DEU,Omicron,2022-12-30,28780.14285714286,162.36734693877548,28617.775510204083,21856.42857142857,13074.183673469388,1277.204081632653,83369840.0,83291703.24489796,11.11
DEU,Omicron,2022-12-31,27246.95918367347,155.9795918367347,27090.97959183673,19441.408163265307,12847.0,1297.7142857142858,83369840.0,83293080.44897959,11.11
DEU,Omicron,2023-01-01,25659.65306122449,149.59183673469389,25510.0612244898,17131.877551020407,12518.489795918367,1317.734693877551,83369840.0,83294518.16326532,9.522857142857143
DEU,Omicron,2023-01-02,24043.67346938776,143.14285714285714,23900.5306122449,15050.469387755104,12092.714285714286,1336.6326530612243,83369840.0,83295991.0,7.935714285714285
DEU,Omicron,2023-01-03,23935.42857142857,148.30612244897958,23787.122448979597,13270.428571428574,11749.877551020409,1351.7959183673468,83369840.0,83295950.93877552,6.348571428571428
DEU,Omicron,2023-01-04,23628.79591836735,148.26530612244898,23480.5306122449,11850.142857142857,11453.510204081633,1363.0,83369840.0,83296109.30612244,4.761428571428572
DEU,Omicron,2023-01-05,23121.306122448983,146.46938775510202,22974.83673469388,10804.122448979591,11199.714285714286,1369.734693877551,83369840.0,83296470.3265306,3.174285714285714
DEU,Omicron,2023-01-06,22618.61224489796,144.10204081632654,22474.51020408163,10057.57142857143,10991.367346938776,1371.7755102040817,83369840.0,83296828.91836736,1.587142857142857
DEU,Omicron,2023-01-07,22140.95918367347,141.16326530612244,21999.795918367345,9549.653061224491,10837.877551020409,1369.5102040816323,83369840.0,83297165.40816326,0.0
DEU,Omicron,2023-01-08,21687.18367346939,138.26530612244898,21548.91836734693,9287.73469387755,10736.183673469388,1363.1020408163265,83369840.0,83297480.91836736,0.0
DEU,Omicron,2023-01-09,21253.571428571428,135.3673469387755,21118.20408163265,9205.979591836734,10684.0,1352.7755102040817,83369840.0,83297779.16326532,0.0
DEU,Omicron,2023-01-10,20012.653061224493,125.14285714285714,19887.51020408163,9293.020408163266,10510.30612244898,1338.7755102040817,83369840.0,83298894.93877551,0.0
DEU,Omicron,2023-01-11,18812.55102040817,117.22448979591836,18695.326530612245,9522.897959183672,10268.285714285714,1321.5102040816323,83369840.0,83299977.81632653,0.0
DEU,Omicron,2023-01-12,17750.122448979593,109.53061224489797,17640.591836734693,9860.326530612245,9973.755102040815,1301.5918367346935,83369840.0,83300930.71428572,0.0
DEU,Omicron,2023-01-13,16723.20408163265,102.16326530612244,16621.04081632653,10347.653061224488,9633.346938775509,1278.9183673469386,83369840.0,83301855.46938775,0.0
DEU,Omicron,2023-01-14,15851.530612244896,95.7142857142857,15755.816326530612,11012.81632653061,9261.163265306122,1252.387755102041,83369840.0,83302631.42857143,0.0
DEU,Omicron,2023-01-15,15001.163265306122,89.3469387755102,14911.816326530612,11842.57142857143,8859.38775510204,1221.938775510204,83369840.0,83303392.44897959,0.0
DEU,Omicron,2023-01-16,14159.673469387755,83.0204081632653,14076.653061224488,12816.102040816326,8430.551020408162,1187.0204081632653,83369840.0,83304150.91836736,0.0
DEU,Omicron,2023-01-17,13296.73469387755,78.12244897959184,13218.61224489796,13828.326530612245,8030.142857142857,1149.204081632653,83369840.0,83304935.73469387,0.0
DEU,Omicron,2023-01-18,12514.95918367347,73.12244897959184,12441.836734693878,14787.38775510204,7646.510204081633,1109.2857142857142,83369840.0,83305644.38775511,0.0
DEU,Omicron,2023-01-19,11799.102040816328,69.00000000000001,11730.102040816326,15598.244897959185,7282.061224489796,1067.8775510204082,83369840.0,83306291.24489796,0.0
DEU,Omicron,2023-01-20,11208.142857142857,65.3265306122449,11142.816326530612,16166.673469387755,6945.3877551020405,1025.5102040816323,83369840.0,83306816.877551,0.0
DEU,Omicron,2023-01-21,10654.42857142857,61.46938775510204,10592.959183673467,16482.897959183672,6622.061224489796,983.1836734693878,83369840.0,83307309.12244897,0.0
DEU,Omicron,2023-01-22,10111.673469387755,57.61224489795918,10054.061224489797,16550.38775510204,6312.612244897959,940.6938775510204,83369840.0,83307794.26530612,0.0
DEU,Omicron,2023-01-23,9576.489795918367,53.93877551020409,9522.551020408164,16377.26530612245,6016.959183673469,899.1428571428571,83369840.0,83308275.51020408,0.0
DEU,Omicron,2023-01-24,9244.489795918367,50.734693877551024,9193.755102040815,16013.57142857143,5749.367346938775,859.4081632653061,83369840.0,83308556.7755102,0.0
DEU,Omicron,2023-01-25,9108.755102040815,49.142857142857146,9059.61224489796,15517.448979591836,5515.224489795918,822.1836734693878,83369840.0,83308643.36734693,0.0
DEU,Omicron,2023-01-26,9131.510204081633,47.87755102040816,9083.632653061224,14966.469387755102,5315.020408163265,786.7755102040817,83369840.0,83308572.73469387,0.0
DEU,Omicron,2023-01-27,9258.285714285714,47.0,9211.285714285714,14422.836734693878,5146.163265306122,753.8571428571429,83369840.0,83308398.95918368,0.0
DEU,Omicron,2023-01-28,9454.61224489796,46.67346938775511,9407.938775510203,13892.204081632652,5019.673469387756,723.9591836734695,83369840.0,83308155.95918368,0.0
DEU,Omicron,2023-01-29,9660.836734693878,46.53061224489796,9614.30612244898,13377.42857142857,4935.489795918367,698.0,83369840.0,83307903.20408164,0.0
DEU,Omicron,2023-01-30,9873.816326530612,46.38775510204082,9827.42857142857,12886.857142857143,4893.102040816326,676.8775510204083,83369840.0,83307643.8367347,0.0
DEU,Omicron,2023-01-31,10159.836734693878,47.04081632653061,10112.795918367348,12423.897959183672,4889.897959183673,658.9387755102041,83369840.0,83307310.7755102,0.0
DEU,Omicron,2023-02-01,10479.204081632652,47.22448979591837,10431.979591836734,11978.73469387755,4918.224489795918,643.1632653061224,83369840.0,83306944.18367347,0.0
DEU,Omicron,2023-02-02,10788.30612244898,47.6122448979592,10740.69387755102,11541.0,4977.142857142857,630.8571428571429,83369840.0,83306587.46938775,0.0
DEU,Omicron,2023-02-03,11047.489795918367,48.12244897959184,10999.367346938776,11103.857142857143,5058.755102040816,621.9183673469388,83369840.0,83306280.16326532,0.0
DEU,Omicron,2023-02-04,11282.95918367347,48.53061224489796,11234.42857142857,10662.061224489797,5156.367346938775,615.8571428571429,83369840.0,83305996.16326532,0.0
DEU,Omicron,2023-02-05,11515.0,48.83673469387755,11466.163265306122,10215.530612244898,5269.469387755103,612.265306122449,83369840.0,83305715.28571428,0.0
DEU,Omicron,2023-02-06,11738.367346938776,49.08163265306122,11689.285714285714,9760.734693877554,5397.2040816326535,609.8979591836735,83369840.0,83305442.83673468,0.0
DEU,Omicron,2023-02-07,11908.591836734691,49.224489795918366,11859.367346938774,9306.367346938776,5536.469387755102,610.4489795918367,83369840.0,83305223.38775511,0.0
DEU,Omicron,2023-02-08,11988.30612244898,49.69387755102041,11938.61224489796,8872.244897959185,5684.591836734694,614.2448979591836,83369840.0,83305093.97959183,0.0
DEU,Omicron,2023-02-09,12028.857142857143,50.795918367346935,11978.061224489797,8468.91836734694,5835.163265306122,619.5102040816327,83369840.0,83305002.63265307,0.0
DEU,Omicron,2023-02-10,12069.91836734694,52.204081632653065,12017.714285714286,8100.469387755103,5994.65306122449,625.7959183673469,83369840.0,83304909.36734693,0.0
DEU,Omicron,2023-02-11,12107.38775510204,53.9795918367347,12053.408163265309,7771.142857142857,6158.081632653062,633.7142857142857,83369840.0,83304817.91836736,0.0
DEU,Omicron,2023-02-12,12148.163265306122,55.91836734693878,12092.244897959185,7479.938775510204,6325.142857142857,643.2244897959183,83369840.0,83304721.2244898,0.0
DEU,Omicron,2023-02-13,12195.938775510203,58.12244897959184,12137.81632653061,7227.897959183674,6496.755102040816,654.5306122448981,83369840.0,83304615.3265306,0.0
DEU,Omicron,2023-02-14,12279.653061224491,61.36734693877552,12218.285714285714,7006.163265306122,6668.979591836734,666.3061224489795,83369840.0,83304470.24489796,0.0
DEU,Omicron,2023-02-15,12415.020408163266,65.02040816326532,12350.0,6798.469387755102,6847.551020408164,678.1632653061224,83369840.0,83304269.85714285,0.0
DEU,Omicron,2023-02-16,12597.673469387752,68.12244897959184,12529.551020408162,6591.510204081633,7037.897959183674,692.4285714285714,83369840.0,83304019.08163264,0.0
DEU,Omicron,2023-02-17,12828.04081632653,71.20408163265306,12756.836734693878,6376.530612244897,7235.081632653061,709.7959183673469,83369840.0,83303717.51020408,0.0
DEU,Omicron,2023-02-18,13055.020408163266,74.18367346938774,12980.836734693876,6153.959183673469,7447.877551020409,728.4081632653061,83369840.0,83303416.34693877,0.0
DEU,Omicron,2023-02-19,13284.469387755102,77.0204081632653,13207.448979591836,5923.408163265305,7674.979591836735,747.591836734694,83369840.0,83303109.87755103,0.0
DEU,Omicron,2023-02-20,13514.12244897959,79.9795918367347,13434.142857142857,5687.142857142857,7916.326530612246,768.5102040816328,83369840.0,83302800.24489796,0.0
DEU,Omicron,2023-02-21,13647.020408163266,81.6938775510204,13565.326530612245,5445.816326530612,8160.775510204082,791.7755102040818,83369840.0,83302585.65306123,0.0
DEU,Omicron,2023-02-22,13775.08163265306,82.77551020408164,13692.30612244898,5202.632653061225,8400.224489795919,817.7551020408164,83369840.0,83302374.81632653,0.0
DEU,Omicron,2023-02-23,13938.938775510203,84.28571428571429,13854.653061224491,4966.102040816327,8626.408163265307,843.7959183673469,83369840.0,83302126.6734694,0.0
DEU,Omicron,2023-02-24,14154.102040816328,85.3265306122449,14068.775510204085,4745.673469387754,8837.95918367347,868.5714285714286,83369840.0,83301826.18367347,0.0
DEU,Omicron,2023-02-25,14453.877551020409,86.0408163265306,14367.836734693878,4537.224489795918,9024.65306122449,894.1632653061224,83369840.0,83301440.36734693,0.0
DEU,Omicron,2023-02-26,14773.91836734694,86.71428571428571,14687.204081632652,4342.448979591836,9188.367346938774,921.3469387755102,83369840.0,83301033.61224489,0.0
DEU,Omicron,2023-02-27,15092.204081632652,86.71428571428571,15005.489795918367,4165.816326530612,9325.551020408162,947.2244897959184,83369840.0,83300628.61224489,0.0
DEU,Omicron,2023-02-28,15617.26530612245,86.46938775510203,15530.795918367348,4018.6530612244896,9455.204081632652,970.4693877551024,83369840.0,83300017.08163264,0.0
DEU,Omicron,2023-03-01,16129.38775510204,86.10204081632652,16043.285714285714,3905.3469387755104,9569.510204081633,989.7959183673472,83369840.0,83299418.85714285,0.0
DEU,Omicron,2023-03-02,16429.34693877551,84.59183673469387,16344.755102040815,3822.69387755102,9659.979591836733,1005.3673469387757,83369840.0,83299034.30612245,0.0
DEU,Omicron,2023-03-03,16348.979591836734,82.83673469387756,16266.142857142857,3762.7755102040815,9717.632653061226,1017.714285714286,83369840.0,83299031.8367347,0.0
DEU,Omicron,2023-03-04,15920.653061224491,81.24489795918369,15839.408163265309,3728.408163265306,9741.38775510204,1025.183673469388,83369840.0,83299378.91836736,0.0
DEU,Omicron,2023-03-05,15399.571428571431,79.65306122448979,15319.91836734694,3716.755102040817,9727.551020408164,1028.265306122449,83369840.0,83299820.34693877,0.0
DEU,Omicron,2023-03-06,14846.163265306122,78.22448979591836,14767.938775510203,3714.081632653061,9678.591836734691,1028.7142857142858,83369840.0,83300295.53061225,0.0
DEU,Omicron,2023-03-07,13790.42857142857,77.42857142857143,13713.0,3702.510204081632,9570.57142857143,1028.2244897959183,83369840.0,83301273.83673468,0.0
DEU,Omicron,2023-03-08,12422.326530612245,76.28571428571429,12346.04081632653,3677.0204081632655,9415.714285714286,1028.65306122449,83369840.0,83302565.65306123,0.0
DEU,Omicron,2023-03-09,10999.530612244896,75.75510204081634,10923.775510204085,3633.224489795918,9233.30612244898,1031.6938775510205,83369840.0,83303912.69387755,0.0
DEU,Omicron,2023-03-10,9809.04081632653,75.93877551020408,9733.102040816328,3572.4693877551026,9046.816326530612,1037.3673469387754,83369840.0,83305027.24489796,0.0
DEU,Omicron,2023-03-11,8845.591836734693,76.36734693877551,8769.224489795919,3494.448979591837,8872.08163265306,1046.061224489796,83369840.0,83305914.3265306,0.0
DEU,Omicron,2023-03-12,7948.428571428572,76.9591836734694,7871.469387755103,3402.122448979592,8715.102040816328,1056.9183673469388,83369840.0,83306734.53061225,0.0
DEU,Omicron,2023-03-13,7079.775510204082,77.77551020408164,7002.0,3306.489795918368,8578.632653061224,1070.428571428571,83369840.0,83307525.40816328,0.0
DEU,Omicron,2023-03-14,6554.714285714285,78.61224489795919,6476.102040816326,3213.469387755102,8492.183673469388,1085.387755102041,83369840.0,83307971.85714285,0.0
DEU,Omicron,2023-03-15,6305.244897959184,80.30612244897961,6224.938775510204,3124.6530612244896,8461.69387755102,1100.5102040816328,83369840.0,83308141.02040815,0.0
DEU,Omicron,2023-03-16,6221.551020408164,81.9591836734694,6139.591836734694,3044.3469387755104,8486.816326530612,1115.34693877551,83369840.0,83308142.75510204,0.0
DEU,Omicron,2023-03-17,6156.510204081633,83.26530612244899,6073.2448979591845,2973.408163265306,8549.367346938774,1130.061224489796,83369840.0,83308124.53061225,0.0
DEU,Omicron,2023-03-18,6087.734693877551,84.36734693877551,6003.367346938775,2912.6938775510203,8635.04081632653,1145.0204081632653,83369840.0,83308108.93877551,0.0
DEU,Omicron,2023-03-19,6016.632653061225,85.42857142857143,5931.2040816326535,2859.714285714286,8739.30612244898,1159.8367346938776,83369840.0,83308094.61224489,0.0
DEU,Omicron,2023-03-20,5946.34693877551,86.51020408163265,5859.836734693878,2811.0408163265306,8858.204081632653,1173.1632653061224,83369840.0,83308078.38775511,0.0
DEU,Omicron,2023-03-21,5853.2040816326535,87.0408163265306,5766.163265306123,2771.816326530612,8966.510204081633,1186.204081632653,83369840.0,83308084.48979592,0.0
DEU,Omicron,2023-03-22,5735.7959183673465,86.85714285714286,5648.938775510204,2738.122448979592,9045.77551020408,1198.3877551020407,83369840.0,83308115.04081632,0.0
DEU,Omicron,2023-03-23,5602.61224489796,86.46938775510205,5516.142857142857,2707.530612244898,9080.77551020408,1208.571428571429,83369840.0,83308161.75510204,0.0
DEU,Omicron,2023-03-24,5459.897959183674,85.9591836734694,5373.938775510204,2680.3673469387754,9071.204081632652,1215.857142857143,83369840.0,83308218.51020408,0.0
DEU,Omicron,2023-03-25,5314.959183673469,84.71428571428571,5230.2448979591845,2654.061224489796,9018.22448979592,1220.1020408163265,83369840.0,83308278.73469388,0.0
DEU,Omicron,2023-03-26,5161.3877551020405,83.22448979591836,5078.163265306122,2630.6938775510207,8921.244897959183,1221.2857142857142,83369840.0,83308349.08163264,0.0
DEU,Omicron,2023-03-27,5004.836734693877,81.51020408163265,4923.326530612246,2611.0816326530617,8781.326530612245,1220.4489795918366,83369840.0,83308424.122449,0.0
DEU,Omicron,2023-03-28,4824.510204081633,79.40816326530613,4745.102040816327,2588.6326530612246,8602.510204081633,1214.5102040816328,83369840.0,83308525.04081632,0.0
DEU,Omicron,2023-03-29,4636.897959183673,77.04081632653062,4559.857142857143,2568.836734693878,8393.204081632652,1204.428571428571,83369840.0,83308635.61224489,0.0
DEU,Omicron,2023-03-30,4435.571428571428,74.63265306122449,4360.938775510204,2557.040816326531,8159.897959183673,1190.938775510204,83369840.0,83308762.30612244,0.0
DEU,Omicron,2023-03-31,4228.979591836735,71.75510204081634,4157.224489795918,2558.714285714286,7908.918367346939,1175.571428571429,83369840.0,83308897.14285715,0.0
DEU,Omicron,2023-04-01,4018.061224489796,69.26530612244899,3948.795918367347,2575.244897959184,7643.673469387754,1158.3673469387757,83369840.0,83309038.79591836,0.0
DEU,Omicron,2023-04-02,3814.734693877551,66.87755102040816,3747.857142857143,2604.530612244898,7368.122448979592,1140.1632653061226,83369840.0,83309175.24489796,0.0
DEU,Omicron,2023-04-03,3610.836734693877,64.55102040816327,3546.2857142857147,2643.938775510204,7083.306122448979,1119.142857142857,83369840.0,83309314.59183674,0.0
DEU,Omicron,2023-04-04,3417.4693877551026,62.0,3355.469387755102,2694.2653061224487,6799.061224489796,1098.2040816326532,83369840.0,83309445.95918368,0.0
DEU,Omicron,2023-04-05,3249.0,59.46938775510204,3189.530612244898,2748.020408163265,6524.34693877551,1077.4897959183677,83369840.0,83309554.95918368,0.0
DEU,Omicron,2023-04-06,3100.8163265306125,56.836734693877546,3043.9795918367345,2792.530612244898,6263.326530612246,1056.4489795918369,83369840.0,83309646.30612245,0.0
DEU,Omicron,2023-04-07,2962.8571428571427,54.40816326530612,2908.448979591837,2799.734693877551,6017.081632653062,1033.469387755102,83369840.0,83309729.85714285,0.0
DEU,Omicron,2023-04-08,2799.877551020408,51.3265306122449,2748.551020408164,2733.714285714286,5778.122448979592,1008.122448979592,83369840.0,83309841.51020408,0.0
DEU,Omicron,2023-04-09,2635.1224489795923,48.224489795918366,2586.8979591836733,2596.020408163265,5544.510204081633,980.6122448979592,83369840.0,83309958.04081632,0.0
DEU,Omicron,2023-04-10,2472.387755102041,45.10204081632652,2427.285714285714,2389.612244897959,5316.183673469388,953.061224489796,83369840.0,83310075.6734694,0.0
DEU,Omicron,2023-04-11,2257.714285714286,40.75510204081632,2216.9591836734694,2118.918367346939,5071.265306122449,925.4285714285714,83369840.0,83310249.59183672,0.0
DEU,Omicron,2023-04-12,2085.7346938775518,38.36734693877551,2047.367346938776,1791.4693877551022,4822.081632653061,897.5102040816328,83369840.0,83310383.20408164,0.0
DEU,Omicron,2023-04-13,1933.4489795918369,36.38775510204082,1897.061224489796,1419.1632653061224,4573.448979591837,870.3877551020408,83369840.0,83310499.10204081,0.0
DEU,Omicron,2023-04-14,1808.122448979592,35.285714285714285,1772.8367346938776,1037.265306122449,4329.979591836735,845.2448979591837,83369840.0,83310589.14285715,0.0
DEU,Omicron,2023-04-15,1771.0408163265308,35.79591836734694,1735.244897959184,717.5510204081633,4121.306122448979,822.9591836734695,83369840.0,83310590.42857143,0.0
DEU,Omicron,2023-04-16,1737.6734693877552,36.326530612244895,1701.3469387755104,459.55102040816325,3946.836734693878,802.7346938775511,83369840.0,83310587.46938775,0.0
DEU,Omicron,2023-04-17,1704.4489795918366,36.91836734693878,1667.530612244898,261.9795918367347,3805.877551020408,784.3265306122448,83369840.0,83310583.7755102,0.0
DEU,Omicron,2023-04-18,1817.387755102041,40.775510204081634,1776.612244897959,121.85714285714286,3763.6326530612246,766.8367346938776,83369840.0,83310430.06122449,0.0
DEU,Omicron,2023-04-19,1866.2040816326532,41.55102040816327,1824.65306122449,35.95918367346938,3764.591836734694,750.530612244898,83369840.0,83310339.69387755,0.0
DEU,Omicron,2023-04-20,1902.122448979592,41.95918367346939,1860.1632653061224,0.0,3796.469387755103,734.8367346938775,83369840.0,83310261.81632653,0.0
DEU,Omicron,2023-04-21,1916.6326530612248,41.06122448979592,1875.571428571429,0.0,3847.367346938776,719.7755102040817,83369840.0,83310206.24489796,0.0
DEU,Omicron,2023-04-22,1884.9387755102048,39.16326530612245,1845.7755102040812,0.0,3884.0612244897966,704.6530612244898,83369840.0,83310198.7755102,0.0
DEU,Omicron,2023-04-23,1852.0816326530617,37.30612244897959,1814.7755102040817,0.0,3907.5306122448983,690.0612244897958,83369840.0,83310194.3265306,0.0
